Logitech Keyboard,Tastiera,39.90,25,img/img1543234885.jpg,
Logitech Colour Keyboard,Tastiera,49.90,50,img/img1543234932.jpg,
FIFA 19 PC,Videogiochi,45.90,500,img/img1543235009.jpg,
FIFA 18 PC,Videogiochi,14.90,175,img/img1543235030.jpg,
Licenza Windows 10 PRO,PC,99.90,100,img/img1543235126.jpg,
Cavo HDMI 15 m,Cavo,12.90,75,img/img1543235244.jpg,
Cavo Ethernet 10 m,Cavo,5.90,640,img/img1543235265.jpg,
Televisore 55 Pollici QLED,Televisore,1949.90,26,img/img1543235391.jpg,
Televisore 45 pollici base,Televisore,649.90,50,img/img1543235459.jpg,
Hard Disk GPT 10TB,PC,299.90,6,img/img1543235584.jpg,
Cavo USB Tipo C,Cavo,2.90,2000,img/img1543235735.jpg,
Amazon Echo,PC,49.90,80,img/img1543839132.jpg,
